Configuration,Nameplate Capacity (MW),BESS Capacity (MWh),BESS Power (MW),BESS CAPEX (AUD),Wind Farm CAPEX (AUD)),Annual Cost of Energy (AUD/kWh)
9,90.0,17348.032968074294,2168.504121009287,5204409890.422289,167234877.29125997,1.547017422303579
16,160.0,4273.514105133349,534.1892631416687,1282054231.5400047,297306448.5177955,0.5090720220993847
25,250.0,3575.270274037903,446.9087842547379,1072581082.211371,464541325.8090555,0.5337378040439078
