{
  "configuration": "SIXTEEN",
  "turbine_name": "NREL_Reference_10MW",
  "angle_deg": 1.012959826291888,
  "x": [
    48.53987855642277,
    -30.620169968939454,
    80.48265200159547,
    1713.0899810849564,
    1701.2190317656252,
    1698.5128686968026,
    1701.7131067250477,
    168.38236456560924,
    213.2655194914937,
    894.4330675008821,
    1005.5642409659113,
    1459.300059636403,
    910.2480560820153,
    895.7276969844827,
    1272.0041662369588,
    406.19959017439874
  ],
  "y": [
    0.9015759449786758,
    1731.7801447042566,
    869.3569500775559,
    30.288500268809415,
    1759.05318620967,
    793.9412116837598,
    1203.9604022891183,
    460.0336708433456,
    1285.118248186819,
    16.598195616824796,
    1749.9413162010105,
    365.47592876516427,
    1037.532687092018,
    609.397546616682,
    1406.7576747074952,
    1726.164159674766
  ],
  "prevailing_wind": 258.67915961800594
}