{
  "configuration": "NINE",
  "turbine_name": "NREL_Reference_10MW",
  "angle_deg": 1.5144197547285133e-18,
  "x": [
    141.8647464431717,
    72.86352256130654,
    94.59523751045599,
    1724.1552015930497,
    1732.0508075688758,
    1732.0486533257294,
    1732.0281169498714,
    103.21938094153305,
    87.0166556649203
  ],
  "y": [
    -5.536635343136837e-15,
    1732.0508075688772,
    895.0546826129048,
    47.75956454763973,
    1732.0102986269708,
    681.261527776419,
    1225.7221154471404,
    415.7192227697521,
    1322.2951622049063
  ],
  "prevailing_wind": 258.67915961800594
}