Turbine,Annual Energy Production (GWh),Total Capital Cost (AUD),Levelised Cost of Energy (AUD/MWh)
NREL_Reference_6MW,18.32331748183203,10905989.627662161,2035.1965138412625
NREL_Reference_8MW,25.18678575046243,14616194.128460104,1984.2000364472037
NREL_Reference_10MW,32.14337638295105,18581653.03236222,1976.272554550655
DTU_Reference_v1_10MW_178,28.58421258275262,16491811.720880281,1974.765893654348
